{
    "x": [
        26.959736912647045,
        -46.13534750584067,
        24.25011397753991,
        -32.65940797311848,
        41.963043425038066,
        4.000419619671504,
        24.164778119602545,
        -12.104365098488046,
        3.1419540724035215,
        -8.378775750419798,
        30.11352140683647,
        16.046325153379044,
        -8.680662698638308,
        -31.18796579333959,
        34.81110847927462,
        -12.63758486994724,
        -20.531618978082854,
        -7.837863536429069,
        -28.420352360017496,
        36.0111583341083
    ],
    "z": [
        -29.777238945990426,
        20.011363125839793,
        -26.124064403705926,
        8.053127940622815,
        -24.60167027881458,
        -23.562178022834203,
        -3.290360939663394,
        15.614057580817061,
        -29.885064913104497,
        45.649350791622595,
        1.2108604532793308,
        -35.76285755673477,
        39.481636948207694,
        48.192133449913854,
        18.612809825399438,
        -40.792244849678895,
        24.099647450995022,
        30.288603362162092,
        32.37461300908711,
        22.219716362468873
    ]
}