{
    "x": [
        -47.98999105928778,
        45.55265208053393,
        14.985653227737714,
        4.044954416104382,
        -20.69119839181561,
        -2.1053151385654445,
        -47.914130412076574,
        -5.494956711168406,
        12.136366301786708,
        28.845244024242334,
        0.3283846073449439,
        33.038259009773455,
        -8.883930372452234,
        -35.58049262857212,
        21.34545447770728,
        27.451534126641647,
        -26.90475422961448,
        46.16956630517154,
        6.288095426503347,
        28.778214767965892
    ],
    "z": [
        15.6420517805321,
        -2.53540197649761,
        -49.25405802782811,
        -47.12620847250575,
        -34.80488342028664,
        -34.237279574543464,
        25.79000687078006,
        30.482062737326444,
        -1.99938200927199,
        8.648714860034467,
        -13.36625473370313,
        27.51141449374458,
        -26.977338092470593,
        2.093650177457242,
        -22.758332052439567,
        46.89009687512474,
        -46.364211319309945,
        -18.605525139240807,
        9.06960796610052,
        32.80671869891006
    ]
}