{
    "x": [
        -42.50553788253673,
        -37.0869219642616,
        45.92663171539294,
        28.85501189618111,
        47.26544230565062,
        -30.486833249302812,
        -38.57580343786911,
        42.66408780413781,
        -35.444468574893875,
        -3.6021906238346233,
        48.77595900417397,
        7.332087019854605,
        -1.2410878769558735,
        26.5320782375411,
        20.388789716769054,
        -26.166839706434263,
        -26.62716532254896,
        -20.55807485985507,
        36.28863648316732,
        20.832100565308323
    ],
    "z": [
        -45.40097115454466,
        2.624157398379147,
        -13.12091318313108,
        -22.97579783533258,
        -11.726224517101748,
        -30.86650387280594,
        -41.85780401384225,
        22.32378504722425,
        10.209480353617792,
        -42.78904314564718,
        -26.334284765565307,
        -13.96151849888858,
        49.08178895038043,
        -26.16243946536966,
        -3.545998841296985,
        5.831567786451018,
        31.187345169248132,
        -40.141244998959955,
        -33.06594077674687,
        36.868671268824315
    ]
}