{
    "x": [
        33.77280379403041,
        -49.251701099336465,
        -35.31742366975832,
        -48.06282557142176,
        17.77185422995015,
        42.84442600484083,
        44.85746151955013,
        -34.78124659564635,
        -43.38547208672858,
        -24.913292535281716,
        -38.46317190241999,
        -12.443575062033872,
        23.60431423479413,
        -27.03545898760662,
        -34.99465237977408,
        6.944682056039063,
        -29.677668389731547,
        49.58395758361014,
        -1.2540706361608187,
        -47.54066984761446
    ],
    "z": [
        10.800845106201727,
        48.76955474741101,
        -10.44064067160965,
        2.4975018308435537,
        -21.215395644610545,
        -35.00443359579279,
        28.62148968742156,
        -39.70223905688077,
        7.798077244780657,
        47.11725416144159,
        30.770925908269305,
        -48.55606235117618,
        8.745456544297049,
        -14.44927090991365,
        -36.53185340584919,
        3.9461267652093923,
        -20.2607033848069,
        -14.691272148609777,
        -34.06291122949554,
        11.211456302035984
    ]
}