{
    "x": [
        -15.817022015502083,
        4.433246731708337,
        7.00215512105197,
        5.449026005567468,
        34.918889977202085,
        28.859419652466215,
        -17.640978483745194,
        40.60977341778377,
        -41.367596714675635,
        -38.19959695315919,
        -2.0308172035644603,
        47.75407294012463,
        -26.75242750364485,
        6.278765932246152,
        -13.447779697739001,
        37.501642273988494,
        -23.46174008466928,
        -16.495095503160876,
        -21.027042705734146,
        3.2648440527437756
    ],
    "z": [
        33.343795350429616,
        45.79050674736784,
        40.41466970157187,
        -15.086155921451237,
        -16.265327375862782,
        3.0669997141239946,
        -2.378064266075377,
        -20.26181575657081,
        40.386940149749634,
        -26.907000907700596,
        27.98576939210153,
        -31.31702245571243,
        49.614164448730506,
        36.1717124587382,
        -21.00020319118997,
        -29.332290395893413,
        -13.15697632824675,
        -33.35051997424247,
        -32.66823024218937,
        19.456745794467494
    ]
}