{
    "x": [
        -22.878719210789665,
        -4.138575905203709,
        10.508890265572987,
        -12.584235244723274,
        32.23475682359707,
        -25.13181338428314,
        -28.325800970982705,
        -27.63612400540193,
        43.602462140618826,
        -40.073653691743196,
        -8.725075773600054,
        -11.34336371651149,
        -15.534096287126197,
        36.186671952268284,
        -8.897089759405716,
        1.9729317478726216,
        -13.264439153604677,
        48.551624169536936,
        32.77002926517436,
        0.42739830846539917
    ],
    "z": [
        -17.93342645338445,
        45.52803950076347,
        -14.730678334796309,
        40.492848882316736,
        -36.24622797640241,
        -12.805479893076033,
        6.348175271361768,
        7.492449644699725,
        34.86759755335859,
        -29.309520162957227,
        14.612757665924747,
        -24.838763165979117,
        -29.598641347020894,
        19.725171234332876,
        20.04314282099709,
        2.626221115857028,
        -1.1781641427692904,
        28.446486731274803,
        -37.56281485758183,
        -13.309905959793731
    ]
}