{
    "x": [
        48.433716268133054,
        37.98151662883528,
        8.49826517801958,
        9.745668864423408,
        49.505962860104546,
        19.06054585444906,
        12.905361241297541,
        17.62613666395542,
        22.775657883380617,
        23.706860094902524,
        28.79613488767025,
        -6.4753978873949976,
        5.127164463624922,
        35.963997733857326,
        -9.641257269647596,
        -47.48668873912194,
        0.32293194637125566,
        6.750881629735076,
        -3.429915493849613,
        -21.332750019877434
    ],
    "z": [
        22.16860842531223,
        40.13934184076285,
        39.26351362017584,
        1.1494970502818234,
        19.60727199582722,
        48.83174422518913,
        -49.71560491239235,
        12.880526237059698,
        47.471383026067585,
        49.44368588126534,
        47.997994508805476,
        -25.378029360263042,
        38.83634638086633,
        16.994598363206975,
        -22.48264675584828,
        -8.25147617179244,
        48.208653077843366,
        7.857060810446534,
        -48.54580518452038,
        15.743695791439123
    ]
}