{
    "x": [
        23.060169403676767,
        -26.688337427290133,
        40.6894056640984,
        -11.07318939833646,
        8.391397799190123,
        23.748709894901495,
        -40.20730159564183,
        -34.89673277481206,
        -26.991251625662947,
        -45.52452041609213,
        -7.941978041309369,
        13.19837674096621,
        2.9463449068228087,
        -25.735582665023806,
        -23.013145308197824,
        30.36975751951799,
        18.474225092779633,
        -48.357733473502506,
        25.174814343904913,
        2.980913545116259
    ],
    "z": [
        42.81507668077653,
        12.243081220603877,
        26.8294099914814,
        24.105791435302166,
        -20.300074253613055,
        -40.097988972597165,
        -30.41852137763328,
        37.073435275920886,
        47.21190364571369,
        -42.601422404827595,
        12.277763488080481,
        -38.779522040225665,
        -31.68612925197275,
        -25.186195645359167,
        36.77930065372756,
        -34.562553050037,
        -26.972353318651944,
        -43.43157738482315,
        17.722429212732465,
        -37.0067507020364
    ]
}