{
    "x": [
        -31.073805276691957,
        16.903555280618036,
        -37.51281133687041,
        20.38142420611372,
        30.541091679389112,
        11.724022296153734,
        32.55673195673242,
        -11.22857219912342,
        -15.28906797789935,
        -6.8801150104845235,
        -39.95252215786421,
        -26.476648570126528,
        21.107788594151884,
        18.20974384263468,
        18.46672214156115,
        1.7319274651305818,
        37.76374695797594,
        -22.27108116880866,
        43.32219045919261,
        -11.568522226427092
    ],
    "z": [
        -25.209201813579497,
        -42.57213941945264,
        -30.92168965791886,
        14.898649446966814,
        44.44726216465256,
        29.752756153090047,
        6.549688805960315,
        31.544871910317823,
        12.322481893704342,
        -37.91721259612265,
        -39.50446278041411,
        -42.98663111779917,
        -20.424921455055244,
        20.873661213286482,
        27.23866616115322,
        20.19835824364435,
        -39.136520824355834,
        9.764926527526029,
        -35.39042927389545,
        -43.08472083972356
    ]
}