{
    "x": [
        -49.25751277537125,
        20.717636892299026,
        -22.437148685999908,
        -47.05003084930494,
        -9.966108424638357,
        41.17356737439876,
        -20.866048922106593,
        35.547430188641314,
        -37.28340623274665,
        -7.255962732886481,
        -4.3059986560791685,
        -7.106984602526758,
        2.2756647012525093,
        0.9330487127574685,
        3.1116961698076295,
        -47.43584325931847,
        -10.739982235497394,
        -13.022967158031506,
        -16.423810348606793,
        -3.9500872864195458
    ],
    "z": [
        -40.25157383991201,
        -26.73498841662666,
        17.332244522481744,
        4.026310823136903,
        -33.86417247559804,
        -13.962314662776933,
        19.450414926994668,
        -27.196716683286148,
        46.00313488732287,
        3.4991025181979083,
        32.79523454395499,
        25.706210047793647,
        -42.03115099728939,
        35.559875767992395,
        -10.720898990454785,
        20.129484581247667,
        -17.665694601516236,
        -8.229784675882733,
        -20.83138009166231,
        -45.33738828681923
    ]
}